Id,Class
test_adult_1,1
test_adult_2,1
test_adult_3,1
test_adult_4,1
test_adult_5,1
test_adult_6,1
test_adult_7,1
test_adult_8,1
test_adult_9,1
test_adult_10,1
test_adult_11,1
test_adult_12,1
test_adult_13,1
test_adult_14,1
test_adult_15,1
test_adult_16,1
test_adult_17,1
test_adult_18,1
test_adult_19,1
test_adult_20,1
test_adult_21,1
test_adult_22,1
test_adult_23,1
test_adult_24,1
test_adult_25,1
test_adult_26,1
test_adult_27,1
test_adult_28,1
test_adult_29,1
test_adult_30,1
test_airplane_1,1
test_airplane_2,1
test_airplane_3,1
test_airplane_4,1
test_airplane_5,1
test_airplane_6,1
test_airplane_7,1
test_airplane_8,1
test_airplane_9,1
test_airplane_10,1
test_airplane_11,1
test_airplane_12,1
test_airplane_13,1
test_airplane_14,1
test_airplane_15,1
test_airplane_16,1
test_airplane_17,1
test_airplane_18,1
test_airplane_19,1
test_airplane_20,1
test_airplane_21,1
test_airplane_22,1
test_airplane_23,1
test_airplane_24,1
test_airplane_25,1
test_airplane_26,1
test_airplane_27,1
test_airplane_28,1
test_airplane_29,1
test_airplane_30,1
test_alpaca_1,1
test_alpaca_2,1
test_alpaca_3,1
test_alpaca_4,1
test_alpaca_5,1
test_alpaca_6,1
test_alpaca_7,1
test_alpaca_8,1
test_alpaca_9,1
test_alpaca_10,1
test_alpaca_11,1
test_alpaca_12,1
test_alpaca_13,1
test_alpaca_14,1
test_alpaca_15,1
test_alpaca_16,1
test_alpaca_17,1
test_alpaca_18,1
test_alpaca_19,1
test_alpaca_20,1
test_alpaca_21,1
test_alpaca_22,1
test_alpaca_23,1
test_alpaca_24,1
test_alpaca_25,1
test_alpaca_26,1
test_alpaca_27,1
test_alpaca_28,1
test_alpaca_29,1
test_alpaca_30,1
test_bird_1,1
test_bird_2,1
test_bird_3,1
test_bird_4,1
test_bird_5,1
test_bird_6,1
test_bird_7,1
test_bird_8,1
test_bird_9,1
test_bird_10,1
test_bird_11,1
test_bird_12,1
test_bird_13,1
test_bird_14,1
test_bird_15,1
test_bird_16,1
test_bird_17,1
test_bird_18,1
test_bird_19,1
test_bird_20,1
test_bird_21,1
test_bird_22,1
test_bird_23,1
test_bird_24,1
test_bird_25,1
test_bird_26,1
test_bird_27,1
test_bird_28,1
test_bird_29,1
test_bird_30,1
test_bus_1,1
test_bus_2,1
test_bus_3,1
test_bus_4,1
test_bus_5,1
test_bus_6,1
test_bus_7,1
test_bus_8,1
test_bus_9,1
test_bus_10,1
test_bus_11,1
test_bus_12,1
test_bus_13,1
test_bus_14,1
test_bus_15,1
test_bus_16,1
test_bus_17,1
test_bus_18,1
test_bus_19,1
test_bus_20,1
test_bus_21,1
test_bus_22,1
test_bus_23,1
test_bus_24,1
test_bus_25,1
test_bus_26,1
test_bus_27,1
test_bus_28,1
test_bus_29,1
test_bus_30,1
test_car_1,1
test_car_2,1
test_car_3,1
test_car_4,1
test_car_5,1
test_car_6,1
test_car_7,1
test_car_8,1
test_car_9,1
test_car_10,1
test_car_11,1
test_car_12,1
test_car_13,1
test_car_14,1
test_car_15,1
test_car_16,1
test_car_17,1
test_car_18,1
test_car_19,1
test_car_20,1
test_car_21,1
test_car_22,1
test_car_23,1
test_car_24,1
test_car_25,1
test_car_26,1
test_car_27,1
test_car_28,1
test_car_29,1
test_car_30,1
test_cat_1,1
test_cat_2,1
test_cat_3,1
test_cat_4,1
test_cat_5,1
test_cat_6,1
test_cat_7,1
test_cat_8,1
test_cat_9,1
test_cat_10,1
test_cat_11,1
test_cat_12,1
test_cat_13,1
test_cat_14,1
test_cat_15,1
test_cat_16,1
test_cat_17,1
test_cat_18,1
test_cat_19,1
test_cat_20,1
test_cat_21,1
test_cat_22,1
test_cat_23,1
test_cat_24,1
test_cat_25,1
test_cat_26,1
test_cat_27,1
test_cat_28,1
test_cat_29,1
test_cat_30,1
test_child_1,1
test_child_2,1
test_child_3,1
test_child_4,1
test_child_5,1
test_child_6,1
test_child_7,1
test_child_8,1
test_child_9,1
test_child_10,1
test_child_11,1
test_child_12,1
test_child_13,1
test_child_14,1
test_child_15,1
test_child_16,1
test_child_17,1
test_child_18,1
test_child_19,1
test_child_20,1
test_child_21,1
test_child_22,1
test_child_23,1
test_child_24,1
test_child_25,1
test_child_26,1
test_child_27,1
test_child_28,1
test_child_29,1
test_child_30,1
test_elephant_1,1
test_elephant_2,1
test_elephant_3,1
test_elephant_4,1
test_elephant_5,1
test_elephant_6,1
test_elephant_7,1
test_elephant_8,1
test_elephant_9,1
test_elephant_10,1
test_elephant_11,1
test_elephant_12,1
test_elephant_13,1
test_elephant_14,1
test_elephant_15,1
test_elephant_16,1
test_elephant_17,1
test_elephant_18,1
test_elephant_19,1
test_elephant_20,1
test_elephant_21,1
test_elephant_22,1
test_elephant_23,1
test_elephant_24,1
test_elephant_25,1
test_elephant_26,1
test_elephant_27,1
test_elephant_28,1
test_elephant_29,1
test_elephant_30,1
test_flower_1,1
test_flower_2,1
test_flower_3,1
test_flower_4,1
test_flower_5,1
test_flower_6,1
test_flower_7,1
test_flower_8,1
test_flower_9,1
test_flower_10,1
test_flower_11,1
test_flower_12,1
test_flower_13,1
test_flower_14,1
test_flower_15,1
test_flower_16,1
test_flower_17,1
test_flower_18,1
test_flower_19,1
test_flower_20,1
test_flower_21,1
test_flower_22,1
test_flower_23,1
test_flower_24,1
test_flower_25,1
test_flower_26,1
test_flower_27,1
test_flower_28,1
test_flower_29,1
test_flower_30,1
test_giraffe_1,1
test_giraffe_2,1
test_giraffe_3,1
test_giraffe_4,1
test_giraffe_5,1
test_giraffe_6,1
test_giraffe_7,1
test_giraffe_8,1
test_giraffe_9,1
test_giraffe_10,1
test_giraffe_11,1
test_giraffe_12,1
test_giraffe_13,1
test_giraffe_14,1
test_giraffe_15,1
test_giraffe_16,1
test_giraffe_17,1
test_giraffe_18,1
test_giraffe_19,1
test_giraffe_20,1
test_giraffe_21,1
test_giraffe_22,1
test_giraffe_23,1
test_giraffe_24,1
test_giraffe_25,1
test_giraffe_26,1
test_giraffe_27,1
test_giraffe_28,1
test_giraffe_29,1
test_giraffe_30,1
test_horse_1,1
test_horse_2,1
test_horse_3,1
test_horse_4,1
test_horse_5,1
test_horse_6,1
test_horse_7,1
test_horse_8,1
test_horse_9,1
test_horse_10,1
test_horse_11,1
test_horse_12,1
test_horse_13,1
test_horse_14,1
test_horse_15,1
test_horse_16,1
test_horse_17,1
test_horse_18,1
test_horse_19,1
test_horse_20,1
test_horse_21,1
test_horse_22,1
test_horse_23,1
test_horse_24,1
test_horse_25,1
test_horse_26,1
test_horse_27,1
test_horse_28,1
test_horse_29,1
test_horse_30,1
test_monkey_1,1
test_monkey_2,1
test_monkey_3,1
test_monkey_4,1
test_monkey_5,1
test_monkey_6,1
test_monkey_7,1
test_monkey_8,1
test_monkey_9,1
test_monkey_10,1
test_monkey_11,1
test_monkey_12,1
test_monkey_13,1
test_monkey_14,1
test_monkey_15,1
test_monkey_16,1
test_monkey_17,1
test_monkey_18,1
test_monkey_19,1
test_monkey_20,1
test_monkey_21,1
test_monkey_22,1
test_monkey_23,1
test_monkey_24,1
test_monkey_25,1
test_monkey_26,1
test_monkey_27,1
test_monkey_28,1
test_monkey_29,1
test_monkey_30,1
test_panda_1,1
test_panda_2,1
test_panda_3,1
test_panda_4,1
test_panda_5,1
test_panda_6,1
test_panda_7,1
test_panda_8,1
test_panda_9,1
test_panda_10,1
test_panda_11,1
test_panda_12,1
test_panda_13,1
test_panda_14,1
test_panda_15,1
test_panda_16,1
test_panda_17,1
test_panda_18,1
test_panda_19,1
test_panda_20,1
test_panda_21,1
test_panda_22,1
test_panda_23,1
test_panda_24,1
test_panda_25,1
test_panda_26,1
test_panda_27,1
test_panda_28,1
test_panda_29,1
test_panda_30,1
test_reptile_1,1
test_reptile_2,1
test_reptile_3,1
test_reptile_4,1
test_reptile_5,1
test_reptile_6,1
test_reptile_7,1
test_reptile_8,1
test_reptile_9,1
test_reptile_10,1
test_reptile_11,1
test_reptile_12,1
test_reptile_13,1
test_reptile_14,1
test_reptile_15,1
test_reptile_16,1
test_reptile_17,1
test_reptile_18,1
test_reptile_19,1
test_reptile_20,1
test_reptile_21,1
test_reptile_22,1
test_reptile_23,1
test_reptile_24,1
test_reptile_25,1
test_reptile_26,1
test_reptile_27,1
test_reptile_28,1
test_reptile_29,1
test_reptile_30,1
test_vessel_1,1
test_vessel_2,1
test_vessel_3,1
test_vessel_4,1
test_vessel_5,1
test_vessel_6,1
test_vessel_7,1
test_vessel_8,1
test_vessel_9,1
test_vessel_10,1
test_vessel_11,1
test_vessel_12,1
test_vessel_13,1
test_vessel_14,1
test_vessel_15,1
test_vessel_16,1
test_vessel_17,1
test_vessel_18,1
test_vessel_19,1
test_vessel_20,1
test_vessel_21,1
test_vessel_22,1
test_vessel_23,1
test_vessel_24,1
test_vessel_25,1
test_vessel_26,1
test_vessel_27,1
test_vessel_28,1
test_vessel_29,1
test_vessel_30,1